id,title,image,description,category,budget,latitude,longitude,youtube_url
19,Pantai Kejawanan,destination_pics/Pantai_Kejawanan.jpg,"Pantai yang berlokasi di Pegambiran, Lemahwungkuk, Kota Cirebon itu menawarkan pengalaman bersantai sekaligus menikmati panorama Gunung Ciremai saat cuaca cerah. Sambil jalan-jalan di tepian pantai, kalian bisa melihat aktivitas para nelayan yang berlayar dan singgah di pelabuhan.",TW,0-20000,-6.73264,108.58563,https://www.youtube.com/watch?v=SaY07DCaMPw
20,Keraton Kasepuhan Cirebon,destination_pics/Keraton_Kasepuhan_Cirebon.jpg,"Tempat wisata ini cocok sekali untuk dikunjungi oleh wisatawan yang menyukai sejarah. Beberapa koleksi yang dapat ditemui di keraton ini termasuk Kereta Singabarong dan lukisan Sri Baduga Maharaja Prabu Siliwangi. Lokasinya ada di Jalan Kasepuhan Nomor 43, Kesepuhan, Lemahwungkuk, Kota Cirebon, Jawa Barat. Obyek wisata ini bisa dikunjungi pukul 08.00 WIB sampai 18.00 WIB.",WR,0-20000,-6.72611,108.57093,https://youtu.be/hGvWebBkHHg
21,Keraton Kacirebonan,destination_pics/Keraton_Kacirebonan.jpg,"Istana kerajaan tahun 1807-an yang menampilkan koleksi artefak bersejarah, dengan tur terpandu. Tak hanya Keraton Kasepuhan, wisatawan juga bisa mampir ke Keraton Kacirebonan yang berlokasi di Jalan Pulasaren, Pekalipan, Kota Cirebon. Meski ukurannya lebih kecil jika dibandingkan dengan Keraton Kasepuhan, peninggalan masa lalu ini tak kalah menarik untuk dieksplorasi. Di sini, wisatawan bisa melihat koin kuno dan sejumlah pedang yang dulunya pernah digunakan oleh penghuni Keraton Kacirebonan.",WR,0-20000,-6.72495,108.56534,https://youtu.be/uJ4UxdBIW28
22,Bangsal Dalem Agung Nyimas Pakungwati,destination_pics/Bangsal_Dalem_Agung_Nyimas_Pakungwati.jpg,bangunan Keraton Dalem Agung Pakungwati yang berdiri pada 1430 dan bergaya arsitektur Majapahit didirikan oleh Pangeran Cakrabuana atau yang lebih dikenal dengan sebutan Mbah Kuwu Cerbon. Pangeran Cakrabuana adalah salah satu keturunan Raja Pajajaran Prabu Siliwangi. Sebutan Pakungwati berasal dari nama Ratu Dewi Pakungwati. Dimana karena rasa cinta dan kasih sayangnya yang mendalam terhadap putri sulungnya mendorong Pangeran Cakrabuana memberikan nama keraton yang pertama di Cirebon ini dengan nama Pakungwati. Lalu Ratu Dewi Pakungwati tersebut menikah dengan Sunan Gunung Jati. Kemudian oleh Sunan Gunung Jati Keraton Dalem Agung Pakungwati dikembangkan untuk mensyiarkan agama Islam di pulau Jawa.,WR,0-20000,-6.72719,108.57187,https://youtu.be/0yYUocWC8EA
23,Goa Sunyaragi,destination_pics/SUNYARAGI.jpeg,"Pada masa lalu tempat ini difungsikan sebagai lokasi mediasi prajurit keraton dan pemuka kerajaan. Selain melihat keindahan goa yang sudah ada dari abad ke-17, pengunjung juga bisa mencoba sejumlah permainan. Permainan tersebut antara lain sepeda gantung, flying fox, dan balon terbang. Dahulu Gua Sunyaragi memiliki nama “Taman Kaputren Panyepi In Raga” memiliki arti tempat menyucikan diri dan jiwa yang berasal dari bahasa kearifan lokal. Nama Sunyaragi berasal dari dua kata yaitu Sunya dan ragi artinya Sunya adalah sunyi dan ragi adalah raga (tempat betapa atau bertawasul).",WR,20000-50000,-6.73656,108.54312,https://youtu.be/08PGLO0DMAw
24,Bukit Gronggong,destination_pics/Bukit_Gronggong.jpg,"Balkon di puncak bukit yang populer dengan panorama malam & restoran outdoor di teras yang dihiasi lentera. Dari Bukit Gronggong, pengunjung bisa melihat indahnya cahaya lampu kota yang seperti bintang. Pengunjung juga tak perlu khawatir merasa kelaparan karena tersedia banyak penjaja makanan dan minuman di sana.",TW,0-20000,-6.78089,108.52173,https://youtu.be/zJ9ELT5Htuk
25,Batu Lawang,destination_pics/BATU_LAWANG.jpg,"Taman yang menawarkan jalur hiking tepi tebing ke panorama luas, tempat piknik dan area panjat tebing. Tempat wisata yang satu ini cukup unik karena punya dinding bebatuan dengan bentuk menyerupai gerbang. Batu Lawang dibuka pada 2016 dan menjadi tempat wisata terkenal di daerah Cirebon. Batu Lawang berlokasi Desa Cupang, Kecamatan Gempol, Kabupaten Cirebon. Berbagai aktivitas bisa dilakukan di tempat ini, mulai dari naik ATV, flying fox, berburu foto keren, hingga panjat tebing.",TW,0-20000,-6.72742,108.38075,https://youtu.be/oHwNlA9h4Kk
26,Taman Kera Plangon,destination_pics/Taman_Kera_Plangon.jpg,"Sesuai dengan namanya Taman Kera Plangon, tempat wisata ini merupakan rumah bagi banyak kera. Meski kera-kera tersebut sering berinteraksi dengan manusia, pengunjung tetap harus berhati-hati karena satwa itu bisa saja menjadi jahil. Selain melihat kera-kera di alam yang indah dan asri, pengunjung juga bisa melihat makam Pangeran Kejaksandan dan Pangeran Panjunan.",TW,0-20000,-6.77333,108.48395,https://youtu.be/6PwVO-zptVg
27,Telaga Nilam,destination_pics/Telaga_Nilam.jpg,"Telaga Nilam terkenal dengan air jernih berwarna hijau kebiruan yang sangat indah. Saking bersih dan jernih airnya, dasar telaga bisa terlihat, termasuk ikan-ikan yang berenang. Pengunjung bisa mencoba berenang atau menyelam di Telaga Nilam.",WA,0-20000,-6.78624,108.41833,https://youtu.be/i2gR5FSaJd4
28,Telaga Remis Pasawahan,destination_pics/Telaga_Remis_Pasawahan.jpg,"Talaga Remis  merupakan salah satu danau alami yang terletak di bawah kaki Gunung Ciremai tepatnya di Desa Kaduela, Dusun Binakarya, Kecamatan Pasawahan, Kabupaten Kuningan. Wisata alam ini sampai sekarang masih terjaga keasriannya mulai dari pepohonannya hingga beberapa talaga atau telaganya. Nama Talaga Remis sendiri diambil dari salah satu binatang air yaitu “Remis” atau Kerang. Karena di danau ini binatang yang satu ini cukup banyak, sehingga dinamakanlah Talaga Remis .",WA,0-20000,-6.78851,108.41626,https://youtu.be/91peHd62qCc
29,Telaga Biru Cicerem,destination_pics/Telaga_Biru_Cicerem.jpg,Telaga Biru Cicerem memiliki keindahan dengan airnya yang bening dan dikelilingi pepohonan hijau. Daya tarik Telaga Biru Cicerem terletak pada warna air telaga yang memiliki gradasi warna antara biru dan hijau tosca.,WA,0-20000,-6.79758,108.42317,https://youtu.be/Zn5y-8M3nDU
30,Ade Irma Suryani Waterland,destination_pics/Ade_Irma_Suryani_Waterland.jpg,"Taman rekreasi air tepi pantai dengan beberapa taman bermain & kolam renang, serta restoran bertema kapal.",WA,20000-50000,-6.71727,108.57326,https://youtu.be/1nWB710Mir8
31,Banyu Panas Palimanan,destination_pics/Banyu_Panas_Palimanan.jpg,"Banyu Panas Palimanan merupakan kolam renang Palimanan yang memiliki ciri khas sebagai kolam terapi air panas alami, yang selalu ramai dikunjungi terutama di akhir pekan. Buah dari ketidaksengajaan PT. Indocement di tahun 2008 yang melakukan pengeboran air bersih. Namun yang muncul malah semburan air panas yang kebiru-biruan.",WA,0-20000,-6.71241,108.39926,https://youtu.be/L2JeDTVbxRk
32,Kampung Sabin Cirebon,destination_pics/Kampung_Sabin_Cirebon.jpg,atraksi wisata menikmati kuliner lezat di pinggir sawah sambil menikmati pemandangan Gunung Ciremai sekaligus hamparan padi yang menghijau. Sementara di malam hari Anda bisa menikmati makan malam romantis bersama orang terdekat serta tak lupa berswafoto dengan background yang Instagramable.,TW,20000-50000,-6.76731,108.45468,https://youtu.be/xNYpBqrJWk4
33,Kampung Batik Trusmi,destination_pics/Kampung_Batik_Trusmi.jpg,"Kurang lengkap rasanya jika Anda melewatkan wisata belanja saat traveling. Jadi jangan lupa untuk singgah ke Kampung Batik Trusmi dan memborong batik mega mendung yang menjadi ciri khasnya. Sentra produksi batik ini sudah ada sejak abad ke-14 dan semakin dikembangkan untuk memajukan sektor pariwisata. Selain berbelanja di pusat grosir Kampung Trusmi Anda juga bisa melihat dari dekat proses pembuatan batik oleh pengrajin bahkan belajar membatik. Untuk mengikuti kelas membatik Anda bisa mendaftar pada Sanggar Katura dan memilih paket kursus yang Anda kehendaki. Ternyata di Kampung Trusmi ini Anda juga berkesempatan untuk berwisata kuliner menikmati aneka hidangan tradisional Cirebon. Ini antara lain empal gentong, nasi jamblang, docan, tahu kuningan, empal asem, dan sego lengko.",TW,50000-100000,-6.70114,108.50842,https://youtu.be/UAw0-vN5bjc
34,Pasar Sandang Tegal Gubug,destination_pics/Pasar_Sandang_Tegal_Gubug.jpg,"pasar yang diklaim sebagai pasar terbesar se-Asia Tenggara itu tak pernah sepi setiap kali beroperasi. Pasar Tegal Gubug hanya dibuka empat hari seminggu, yaitu pada Senin, Selasa, Jumat, dan Sabtu. Pembeli yang datang tak jarang berbelanja dalam jumlah besar.",TW,20000-50000,-6.63588,108.3897,https://youtu.be/X2fRvJUq4fE
35,Danau Setu Patok,destination_pics/Danau_Setu_Patok.jpg,Danau atau waduk Setu Patok terbilang tak pernah sepi pengunjung terutama saat musim liburan mengingat panoramanya yang sangat cantik. Di sini Anda dapat menikmati jernihnya air danau yang terhampar luas berlatar-belakang pemandangan Gunung Ciremai yang asri.,WA,0-20000,-6.78519,108.56496,https://youtu.be/3ohfJbYb9lA
36,Talaga Cikalahang,destination_pics/Talaga_Cikalahang.jpg,Di sini Anda bisa menyalurkan hobi memancing dan selanjutnya meminta restoran di sekitar untuk mengolahnya.,WA,0-20000,-6.78638,108.41435,https://youtu.be/LcaFx17ik94
37,Desa Wisata Bantaragung,destination_pics/Desa_Wisata_Bantaragung.jpg,"Desa Bantaragung ini asalnya bernama Desa Babakan Keboncau. Dikabarkan kalau desa ini sudah ada sejak tahun 1200-an, saat Pangeran Timbang Pinayungan berhasil mengatasi gangguan keamanan desa dan menjadi Kuwu (kepala desa) pertama. Di sinilah awal dari lahirnya juara-juara dunia terutama di bidang pencak silat. Dengan cerita rakyat inilah, Desa Bantaragung menjadi populer serta kekayaan alamnya pun banyak menjadi destinasi wisata.",TW,0-20000,-6.81191,108.3779,https://youtu.be/X2bbd-HQcNI
38,Poolau Air Waterboom - Maskot Ulung Cimara,destination_pics/Poolau_Air_Waterboom_-_Maskot_Ulung_Cimara.jpg,"Poolau Air Waterboom - Maskot Ulung Cimara adalah objek wisata yang terletak di Cimara, Pasawahan, Kabupaten Kuningan, Jawa Barat, Indonesia. Tampak sebuah taman air dengan maskot bernama Ulung Cimara",WA,0-20000,-6.78483,108.44975,https://youtu.be/M5R2dLlxDUo
39,Curug Cigetruk,destination_pics/Curug_Cigetruk.jpg,"Curug Cigetruk adalah air terjun yang terletak di selatan Desa Mandala, Kecamatan Dukuhpuntang, Kabupaten Cirebon, Jawa Barat, Indonesia. Dikenal sebagai air terjun tertinggi di Cirebon. Daerah ini merupakan objek wisata alam dan menjadi populer di kalangan wisatawan",WA,0-20000,-6.79347,108.42687,https://youtu.be/h8CV5DJi56s
40,Wisata Side Land Kaduela,destination_pics/Wisata_Side_Land_Kaduela.jpg,Wisata Side Land Kaedula menawarkan wisata air berupa kolam renang dengan konsep yang unik. Detail pasti dari daya tarik tidak disediakan dalam hasil pencarian.,WA,0-20000,-6.79369,108.42688,https://youtu.be/ndkx3opfjnE
41,Curug Gongseng,destination_pics/Curug_Gongseng.jpg,Area alami yang indah dengan jalan setapak yang rimbun & berhutan menuju air terjun kecil dengan kolam alami.,WA,0-20000,-6.84048,108.44181,https://youtu.be/AQql6ydxwCs
42,Petilasan Mbah Kuwu Sangkan,destination_pics/Petilasan_Mbah_Kuwu_Sangkan.jpg,"Petilasan Mbah Kuwu Sangkan adalah sebuah makam keramat yang terletak di Desa Talun, Kabupaten Cirebon, Jawa Barat, Indonesia. Mbah Kuwu Sangkan dikenal sebagai orang pertama yang membangun pondasi Islam di daerah tersebut. Makam tersebut dianggap keramat atau tempat suci dan banyak dikunjungi orang untuk tujuan ziarah. Makam tersebut memiliki sejarah dan asal muasal yang masih dipelajari dan diteliti.",WR,0-20000,-6.77784,108.49802,https://youtu.be/T0iEd5VH6m8
43,Curug Cipeuteuy,destination_pics/Curug_Cipeuteuy.jpg,"Ini adalah tujuan wisata populer yang terkenal dengan airnya yang berwarna biru dan pemandangan yang indah. Biaya masuknya terjangkau, dan pengunjung dapat menikmati mengambil foto di area tersebut. Air terjun ini dikelilingi oleh hutan yang menambah keindahan alamnya.",WA,0-20000,-6.82373,108.38199,https://youtu.be/Gu4ocqJzixE
44,Hutan Pinus Batu Nyongclo,destination_pics/Hutan_Pinus_Batu_Nyongclo.jpg,"Ini adalah tujuan wisata populer yang terkenal dengan keindahan alam, udara sejuk, dan tempat berkemah. Pengunjung dapat menyewa rumah berbentuk segitiga untuk akomodasi yang dikelola oleh pengelola hutan. Hutan juga dilengkapi dengan prosedur operasi standar untuk era normal baru, seperti penggunaan masker.",TW,0-20000,-6.83321,108.38147,https://youtu.be/05TgjtE7Ifs
45,Cikadongdong River Tubing,destination_pics/Cikadongdong_River_Tubing.jpg,"Cikadongdong River Tubing menawarkan pengalaman arung jeram yang menyenangkan dan mengasyikkan dengan air jernih, bahkan saat musim hujan",WA,20000-50000,-6.82555,108.35891,https://youtu.be/a0zLQrS3xlA
46,Obyek Wisata Alam Prabu Siliwangi,destination_pics/Obyek_Wisata_Alam_Prabu_Siliwangi.jpg,"Objek Wisata Alam Prabu Siliwangi merupakan sebuah petilasan atau tempat keramat yang dipercaya sebagai tempat peristirahatan Prabu Siliwangi, raja legendaris Kerajaan Sunda.",WR,0-20000,-6.82693,108.34197,https://youtu.be/bUQvcrdQ3Ys
47,Wisata Situ Cipanten,destination_pics/Wisata_Situ_Cipanten.jpg,Ini adalah tujuan wisata populer yang terkenal dengan suasananya yang tenang dan aktivitas ramah keluarga.,WA,0-20000,-6.82312,108.32632,https://youtu.be/eBqE3TiA8ZQ
48,Kolam Renang Tirta Indah,destination_pics/Kolam_Renang_Tirta_Indah.jpg,Kolam renang di Jawa Barat,WA,20000-50000,-6.77646,108.38537,https://youtu.be/cZU4b52_7vA
49,Kolam Renang Hegar,destination_pics/Kolam_Renang_Hegar.jpg,"Kolam renang hegar adalah tujuan wisata populer yang terkenal dengan fasilitas kolam renangnya yang bersih dan nyaman. Pengunjung dapat menikmati berenang dan bersantai di lingkungan yang indah dan nyaman. Biaya masuknya terjangkau, dan pengunjung juga dapat memarkir kendaraannya di area tersebut.",WA,0-20000,-6.784,108.40478,https://youtu.be/j7SNQ_ExcxM
50,Taman Raden Benadi Kepuh,destination_pics/Taman_Raden_Benadi_Kepuh.jpg,Taman Raden Benadi Kepuh merupakan destinasi wisata alam baru yang menawarkan pemandangan indah dan menjadi tujuan wisata populer bagi wisatawan yang berkunjung ke Cirebon.,TW,0-20000,-6.73834,108.4267,https://youtu.be/HpxQ29JCb08
51,Tirtamas Gemilang Waterpark,destination_pics/Tirtamas_Gemilang_Waterpark.jpg,"Taman rekreasi air di Arjawinangun, Jawa Barat",WA,20000-50000,-6.65101,108.40774,https://youtu.be/ch0FcAjxzQ4
52,Kolam Renang Putri Borneo,destination_pics/Kolam_Renang_Putri_Borneo.jpg,Kolam renang umum di Jawa Barat,WA,0-20000,-6.68115,108.30128,https://youtu.be/Z6AH7tlm4Ro
53,Taman Nasional Gunung Ciremai,destination_pics/Taman_Nasional_Gunung_Ciremai.jpg,"Taman Nasional Gunung Ciremai atau Taman Nasional Gunung Ciremai adalah cagar biosfer yang terletak di Jawa Barat, Indonesia. Ini mencakup area seluas 155 km2 dan meluas ke Kabupaten Kuningan dan Majalengka di selatan Cirebon. Taman ini mengelilingi Gunung Ceremai, gunung berapi aktif dan puncak tertinggi di Jawa Barat. Taman ini terkenal dengan flora dan faunanya yang unik, beberapa di antaranya endemik atau terancam punah. Taman ini juga merupakan tujuan populer untuk hiking dan trekking, dengan berbagai jalur tersedia bagi pengunjung untuk menjelajahi keindahan alam taman.",TW,100000-200000,-6.90198,108.41521,https://youtu.be/dd4Y1ueycHc
54,Air Terjun Ibun Pelangi,destination_pics/Air_Terjun_Ibun_Pelangi.jpg,Air terjun di jawa barat,TW,0-20000,-6.90556,108.3292,https://youtu.be/Rjk0kn-6xLE
55,Wisata Religi Sangiang,destination_pics/Wisata_Religi_Sangiang.jpg,"Wisata Religi Sangiang merupakan tempat wisata alam yang menawarkan pemandangan danau dan pegunungan yang indah. Hasil penelusuran menunjukkan bahwa Situ Sangiang juga merupakan tempat wisata religi, dengan makam Sunan Parung berada di kawasan tersebut. Pengunjung dapat menikmati keindahan alam daerah tersebut dan juga belajar tentang sejarah agama dan budaya daerah tersebut. Tempat ini buka 24 jam sehari dan merupakan tujuan populer bagi wisatawan",WR,0-20000,-6.9436,108.33962,https://youtu.be/PotBeNhSswQ
56,Bukit Kanaga,destination_pics/bukit_kanaga.jpg,Bukit Kanaga merupakan bukit yang menawarkan pemandangan alam yang indah dan cocok untuk berkemah dan jalan-jalan keluarga. Hasil pencarian menunjukkan bahwa Bukit Kanaga adalah tujuan populer bagi wisatawan. Bukit ini mudah dijangkau dengan kendaraan roda dua maupun roda empat.,TW,0-20000,-6.95376,108.3837,https://youtu.be/3eOFQlVeyBU
57,Lembah Cilengkang,destination_pics/Lembah_Cilengkang.jpg,"Lembah Cilengkang merupakan destinasi wisata alam yang menawarkan pemandangan alam yang indah, antara lain sumber air panas yang mengalir dari perut bumi dan air terjun. Hasil pencarian menunjukkan bahwa Lembah Cilengkang merupakan destinasi populer bagi wisatawan yang tertarik untuk mengeksplorasi wisata alam. Pengunjung dapat menikmati keindahan alam daerah tersebut dan juga bersantai di sumber air panas.",TW,0-20000,-6.93513,108.43809,https://youtu.be/bDPM3G1A2MI
58,Curug Putri Palutungan,destination_pics/Curug_Putri_Palutungan.jpg,"Curug Putri Palutungan merupakan air terjun yang memiliki bentuk unik menyerupai putri dan makhluk mitos. Hasil pencarian menunjukkan bahwa Curug Putri Palutungan merupakan destinasi wisata populer yang terkenal dengan keindahan alamnya. Namun salah satu hasil pencarian menyebutkan Curug Cigetruk yang merupakan air terjun tertinggi di Cirebon, Jawa Barat, Indonesia.",TW,0-20000,-6.94678,108.43294,https://youtu.be/P6K8L9_pXPs
59,Wisata Bukit Panembongan,destination_pics/Wisata_Bukit_Panembongan.jpg,Lokasi pengamatan indah dengan struktur kayu untuk dekorasi foto yang menghadap pemandangan subur.,TW,0-20000,-7.0093,108.51114,https://youtu.be/1w_kbPv6dIs
60,Wisata Alam Curug Bangkong,destination_pics/Wisata_Alam_Curug_Bangkong.jpg,Jalan setapak di hutan akan menuju ke air terjun indah dengan kolam alami yang dapat diarungi oleh pengunjung.,TW,0-20000,-7.00512,108.42488,https://youtu.be/7BJi6dd25rg
61,Waduk Darma Kuningan,destination_pics/Waduk_Darma_Kuningan.jpg,"Waduk Darma Kuningan atau Waduk Darma adalah tujuan wisata populer yang menawarkan pemandangan perbukitan dan pulau-pulau kecil yang indah, dan pengunjung dapat menyewa perahu untuk menjelajahi daerah tersebut dan terkenal dengan keindahan alamnya.",TW,0-20000,-7.01215,108.4088,https://youtu.be/EnwerEHLLmA
62,Cibulan,destination_pics/Cibulan.jpg,Tempat wisata yang terkenal dengan ikan terapi nya,TW,20000-50000,-6.91074,108.4859,https://youtu.be/Rwq3g4O3luE
63,Wisata Air Moncongos,destination_pics/Wisata_Air_Moncongos.jpg,Wisata air dengan berbagai permainan air yang seru,WA,20000-50000,-7.0041,108.54656,https://youtu.be/yHiViQ8cjr8
64,Wisata Bukit Kalban,destination_pics/Wisata_Bukit_Kalban.jpg,Pemandangan alam terbuka untuk menikmati sunrise maupun sunset,TW,0-20000,-6.96745,108.74728,https://youtu.be/2e-928wYZNs
65,Keramat Nyi Mas Gandasari,destination_pics/Keramat_Nyi_Mas_Gandasari.jpg,Keramat Nyi Mas Gandasari merupakan tempat tujuan wisata berupa situs keramat yang dipercaya memiliki kekuatan mistis dan dikaitkan dengan sosok Nyi Mas Gandasari. Hasil pencarian menunjukkan bahwa Keramat Nyi Mas Gandasari merupakan tujuan populer bagi wisatawan yang berkunjung ke Cirebon dan mereka yang tertarik untuk menjelajahi situs mistis dan spiritual.,WR,0-20000,-6.62294,108.45336,https://youtu.be/UhlORaxpOU8
66,Makam Sunan Gunung Jati,destination_pics/Makam_Sunan_Gunung_Jati.jpg,Tempat Ziarah Sunan Gunung Jati,WR,0-20000,-6.67109,108.54015,https://youtu.be/k8nTXrkC6H8
67,Makam Syekh Maulana Dzatul Kahfi,destination_pics/Makam_Syekh_Maulana_Dzatul_Kahfi.jpg,Tempat Ziarah Syekh Maulana Dzatul Kahfi,WR,0-20000,-6.67066,108.54298,https://youtu.be/OFcPQ5MX8Sk
68,Keraton Kanoman,destination_pics/Keraton_Kanoman.jpg,"Keraton Kanoman adalah sebuah istana yang terletak di Cirebon, Jawa Barat, Indonesia. Istana ini didirikan oleh Sultan Anom I pada tahun 1677 dan merupakan tempat tinggal Sultan Anom ke-13 dan keluarganya. Hasil pencarian menunjukkan bahwa Keraton Kanoman merupakan tujuan wisata populer di Cirebon dan dikenal dengan nilai sejarah dan budayanya. Pengunjung dapat menjelajahi keraton dan museumnya untuk belajar tentang sejarah Kesultanan Cirebon dan budaya Jawa.",WR,0-20000,-6.72222,108.56786,https://youtu.be/Z8rAbRtqtX4
69,Gedung British American Tobacco,destination_pics/Gedung_British_American_Tobacco.jpg,"Gedung British American Tobacco adalah sebuah bangunan bersejarah yang terletak di Cirebon, Jawa Barat, Indonesia. Awalnya merupakan pabrik rokok dan sekarang menjadi situs cagar budaya dan tujuan wisata di kota tersebut. Hasil pencarian menunjukkan bahwa Gedung British American Tobacco merupakan destinasi populer bagi wisatawan yang berkunjung ke Cirebon dan mereka yang tertarik untuk mengeksplorasi situs sejarah dan budaya. Pengunjung dapat belajar tentang sejarah bangunan dan signifikansinya dalam industri tembakau di Indonesia.",TW,0-20000,-6.71884,108.56956,https://youtu.be/4SX1GkjL0I0
70,Ranggon Karanganom,destination_pics/Ranggon_Karanganom.jpg,"Ranggon Karanganom adalah sebuah lokasi di Pegambiran, Cirebon, Jawa Barat, Indonesia. Hasil penelusuran menunjukkan bahwa Ranggon Karanganom dikenal sebagai tempat mancing barramundi dan ikan lainnya.",WA,20000-50000,-6.7405,108.58777,https://youtu.be/6qBchs81m20
71,Muara Mundu,destination_pics/Muara_Mundu.jpg,Muara Mundu merupakan kawasan baru yang dikembangkan yang mencakup proyek perlindungan sungai dan tujuan wisata baru bernama Taman Muara Mundu.,TW,0-20000,-6.75321,108.59601,https://youtu.be/8Cws3X9Qw3A
72,Wisata Zona Mangrove,destination_pics/Wisata_Zona_Mangrove.jpg,"Wisata Zona Mangrove adalah destinasi wisata yang terletak di Desa Mundu Pesisir, Kecamatan Mundu, Kabupaten Cirebon, Jawa Barat, Indonesia. Merupakan pusat mangrove yang digagas oleh masyarakat setempat pada tahun 2010 dan dikenal dengan nama Zona Mangrove Kasih SayangWisata Zona Mangrove merupakan destinasi populer bagi wisatawan yang berkunjung ke Cirebon dan mereka yang tertarik untuk menjelajahi situs alam. Pengunjung dapat menikmati keindahan alam hutan mangrove dan belajar tentang pentingnya konservasi mangrove.",TW,0-20000,-6.75622,108.59735,https://youtu.be/LNc2isad5tM
73,Makam Pangeran Lobama,destination_pics/Makam_Pangeran_Lobama.jpg,"Makam Pangeran Lobama tidak disebutkan dalam hasil pencarian yang tersedia. Namun ada yang menyebut Makam Ki Lobama yang terletak di Kecamatan Mundu, Kabupaten Cirebon, Jawa Barat, Indonesia. Ki Lobama adalah murid Syekh Abdul Qoadir Jailani dan berperan penting dalam menyebarkan Islam di wilayah tersebut. Hasil pencarian menunjukkan bahwa Makam Ki Lobama merupakan tujuan populer bagi wisatawan yang berkunjung ke Cirebon dan mereka yang tertarik untuk menjelajahi situs religi dan sejarah. Pengunjung dapat belajar tentang sejarah Ki Lobama dan memberikan penghormatan di situs tersebut.",WR,0-20000,-6.76062,108.58868,
74,Petilasan Sunan Kalijaga,destination_pics/Petilasan_Sunan_Kalijaga.jpg,"Petilasan Sunan Kalijaga merupakan situs keramat yang terkait dengan Sunan Kalijaga, salah satu dari sembilan wali atau Wali Songo yang berperan penting dalam penyebaran Islam di tanah Jawa. Ini adalah ruang suci yang dapat menjadi tuan rumah acara keagamaan dan budaya. . Hasil pencarian menunjukkan bahwa Petilasan Sunan Kalijaga merupakan tujuan populer bagi wisatawan yang berkunjung ke Jawa dan mereka yang tertarik untuk menjelajahi situs religi dan sejarah. Pengunjung dapat belajar tentang sejarah Islam di Jawa dan memberikan penghormatan kepada Sunan Kalijaga di situs tersebut",WR,0-20000,-6.74793,108.55133,
75,Wisata Kura-Kura Belawa,destination_pics/Wisata_Kura-Kura_Belawa.jpg,"Wisata Kura-Kura Belawa adalah destinasi wisata yang terletak di Desa Belawa, Kecamatan Lemahabang, Kabupaten Cirebon, Jawa Barat, Indonesia. Hasil penelusuran menunjukkan bahwa Wisata Kura-Kura Belawa merupakan tempat konservasi penyu dan menjadi tujuan wisata populer bagi wisatawan yang berkunjung ke Cirebon. Pengunjung dapat belajar tentang upaya konservasi spesies penyu Belawa dan mengamati penyu di habitat aslinya. Situs ini juga memiliki museum yang menampilkan spesimen penyu Belawa yang diawetkan",TW,0-20000,-6.83199,108.58539,https://youtu.be/oJzM2FOpHHE
76,Pantai Baro Gebang,destination_pics/Pantai_Baro_Gebang.jpg,"Pantai Baro Gebang adalah destinasi pantai populer yang terletak di Cirebon, Jawa Barat, Indonesia. Hasil pencarian menunjukkan bahwa Pantai Baro Gebang sebelumnya digunakan sebagai pelabuhan pada tahun 2003-2004, namun kini menjadi tempat yang populer untuk bersantai dan menikmati lautan. Pantai ini terkenal dengan pemandangannya yang indah, angin laut yang sejuk, dan pemandangan matahari terbenam yang menakjubkan. Pengunjung juga dapat menemukan penjual makanan yang menjual makanan lokal di area tersebut. Hasil pencarian menunjukkan bahwa Pantai Baro Gebang merupakan tujuan populer bagi wisatawan yang berkunjung ke Cirebon dan mereka yang tertarik untuk menjelajahi situs alam. Harga tiket masuk ke Pantai Baro Gebang cukup terjangkau, pengunjung cukup membayar Rp1.000 untuk sepeda motor dan Rp3.000 untuk mobil.",WR,0-20000,-6.80521,108.73084,https://youtu.be/6EM8gaJLXq4
77,Waterpark Kyai Masni,destination_pics/Waterpark_Kyai_Masni.jpg,"Waterpark Kyai Masni adalah taman air sederhana yang terletak di Cirebon, Jawa Barat, Indonesia. Hasil penelusuran menunjukkan bahwa taman air tersebut memiliki kolam renang, wahana hiburan, dan kebun binatang kecil. Namun, informasi yang tersedia tentang Waterpark Kyai Masni sangat terbatas, dan tidak disebutkan dalam konteks tujuan wisata populer.",TW,0-20000,-6.76545,108.53295,https://youtu.be/wuoge0eM7WI
78,Hutan Kota Sumber,destination_pics/Hutan_Kota_Sumber.jpg,"Hutan Kota Sumber adalah taman hutan yang terletak di Kecamatan Sumber, Kabupaten Cirebon, Jawa Barat, Indonesia. Hasil pencarian menunjukkan bahwa Hutan Kota Sumber merupakan tujuan populer bagi wisatawan yang berkunjung ke Cirebon dan mereka yang tertarik untuk menjelajahi situs alam. Taman ini dikenal dengan kehidupan tumbuhannya yang beragam dan dianggap sebagai sumber oksigen dan pengetahuan yang harus dilestarikan. Hasil penelusuran juga menunjukkan bahwa Hutan Kota Sumber telah digunakan sebagai tempat untuk berbagai acara, seperti kegiatan lingkungan dan pertunjukan musik. Namun, ada juga yang menyebut taman ini menjadi tempat populer bagi pasangan untuk berkencan",TW,0-20000,-6.75779,108.48091,https://youtu.be/7xo1sRXfJ3E
79,Kolam Renang Surga Hati,destination_pics/Kolam_Renang_Surga_Hati.jpg,Kolam renang umum di daerah Cirebon,WA,0-20000,-6.75066,108.51753,https://youtu.be/fcBY1nBAaos
80,Ayam Bahagia 71 Hj. Sunarti,destination_pics/Ayam_Bahagia_71_Hj._Sunarti.jpg,"Ayam Bahagia 71 Hj. Sunarti adalah restoran yang terletak di Cirebon, Jawa Barat, Indonesia. Hasil pencarian menunjukkan bahwa restoran tersebut terkenal dengan ayam gorengnya dan merupakan tujuan populer bagi penduduk setempat dan wisatawan yang berkunjung ke Cirebon. Restoran ini terletak di Jalan Bahagia No. 69-71, Lemahwungkuk, Cirebon.",WK,0-20000,-6.71498,108.56658,https://youtu.be/_JYFRBz8E2U
81,Pedesan Entog Mas Nana,destination_pics/Pedesan_Entog_Mas_Nana.jpg,"Pedesan Entog Mas Nana terletak di kawasan Megu, Kabupaten Cirebon, rumah makan ini dibuka sejak tahun 2007 dan dikelola sendiri oleh mas Nana, sang pemilik. Dulu, untuk membuka rumah makan pedesan entok ini, sang pemilik hanya bermodalkan Rp 60 ribu, namun karena kerja keras dan kesabarannya, beliau mampu mengembangkan usaha rumah makan miliknya hingga saat ini.",WK,20000-50000,-6.73142,108.49798,https://youtu.be/7cLE6pUZ9A0
82,Pipit Tongseng Battembat,destination_pics/Pipit_Tongseng_Battembat.jpg,"Ripit Tongseng Battembat, İr. H. Juanda merupakan sebuah tempat makan yang berada di Cirebon. Rumah makan ini menyajikan berbagai menu minuman, ayam & bebek & aneka nasi yang dibanderol dengan harga yang murah dan bersahabat dengan kantong Anda. Jika Anda mencari daftar harga menu Ripit Tongseng Battembat, ir. H. Juanda, Anda berada di tempat yang tepat. Di bawah ini akan dibahas secara lengkap menu apa saja yang dijual oleh Pipit Tongseng Battembat, İr. H. Juanda beserta harganya.",WK,20000-50000,-6.70803,108.5178,https://youtu.be/-gKwvP_NAqw
83,Nasi Ati Ayam Santa Maria,destination_pics/Nasi_Ati_Ayam_Santa_Maria.jpg,Nasi ati ayam Santa Maria adalah sejenis hidangan nasi yang dihidangkan dengan ati ayam (hati ayam) yang dimasak dengan gaya khas Santa Maria. Santa Maria adalah nama yang mengacu pada metode atau gaya memasak tertentu yang mungkin memiliki ciri khas dan bumbu khusus. Hidangan ini mungkin memiliki cita rasa unik dan berbeda dari nasi ati ayam pada umumnya.,WK,0-20000,-6.71365,108.56713,https://youtu.be/skOiohPD_Hw
84,Seafood H.Moel,destination_pics/Seafood_H.Moel.jpg,"Seafood H.Moel adalah sebuah restoran atau warung makan yang menyajikan hidangan laut atau seafood. Nama ""H.Moel"" mungkin merujuk pada pemilik atau pendiri restoran tersebut. Seafood H.Moel mungkin menawarkan beragam hidangan laut seperti ikan, udang, kepiting, cumi-cumi, dan mungkin juga hidangan khas atau resep khusus dari restoran tersebut.",WK,0-20000,-6.71275,108.56292,https://youtu.be/vBQh9e2Qqro
85,Sate Kalong Drajat Kesambi,destination_pics/Sate_Kalong_Drajat_Kesambi.jpg,"Sate Kalong Drajat Kesambi adalah sejenis hidangan sate yang dikenal di daerah Kesambi dan berhubungan dengan warung atau restoran yang bernama Drajat. Hidangan ini mungkin memiliki ciri khas tertentu dalam cara penyajiannya, bumbu, atau jenis daging yang digunakan.",WK,0-20000,-6.72916,108.56076,https://youtu.be/rKrXokNgFW8
86,Docang Pak Kumis,destination_pics/Docang_Pak_Kumis.jpg,"Docang Pak Kumis adalah sejenis hidangan tradisional yang berasal dari daerah Sunda, Indonesia. Docang merupakan salah satu jenis makanan khas Sunda yang terdiri dari sayuran segar yang direbus atau dikukus, seperti kangkung, kacang panjang, tauge, dan daun singkong. Hidangan ini kemudian disajikan dengan tambahan bahan seperti tahu goreng, tempe goreng, dan peuyeum (singkong fermentasi). Pak Kumis mungkin merujuk pada seorang tokoh atau pemilik usaha yang terkenal dengan Docang di daerah tersebut.",WR,0-20000,-6.71495,108.55429,https://youtu.be/f4DIgskHOAQ
87,Kue Tapel Mba Lena,destination_pics/Kue_Tapel_Mba_Lena.jpg,Kue Tapel Mba Lena adalah sejenis kue tradisional yang dikenal di daerah tertentu yang dijual atau dihasilkan oleh Mba Lena. Kue ini mungkin memiliki ciri khas dan resep khusus yang menjadi daya tariknya. Tapel adalah sejenis makanan tradisional yang terbuat dari tape singkong yang difermentasi. Kue Tapel Mba Lena mungkin merupakan variasi atau inovasi khusus dari kue tapel yang ditawarkan oleh Mba Lena.,WK,0-20000,-6.71612,108.56016,https://youtu.be/bKSzoACkOCk
88,Jumbo Restaurant Cirebon,destination_pics/Jumbo_Restaurant_Cirebon.jpg,"Restoran ini mungkin dikenal dengan menu atau hidangan khas yang ditawarkannya. Jumbo Restaurant Cirebon kemungkinan menawarkan berbagai macam hidangan, mungkin termasuk hidangan khas daerah Cirebon atau juga hidangan internasional. Restoran ini mungkin juga dikenal dengan pelayanan yang baik dan suasana yang nyaman.",WK,100000-200000,-6.7117,108.56132,
89,Rumah Makan Klapa Manis,destination_pics/Rumah_Makan_Klapa_Manis.jpg,"Rumah Makan Klapa Manis adalah sebuah restoran yang mungkin terletak di suatu tempat tertentu. Restoran ini kemungkinan menawarkan hidangan-hidangan khas yang menggunakan klapa (kelapa) sebagai salah satu bahan utamanya. Nama ""Klapa Manis"" mungkin mengacu pada rasa manis yang dimiliki oleh hidangan-hidangan yang disajikan di restoran ini. Restoran ini mungkin menyajikan hidangan-hidangan tradisional atau mungkin juga menyajikan variasi hidangan modern yang menggunakan klapa sebagai bahan utama.",WK,100000-200000,-6.77895,108.52294,https://youtu.be/BhZtiD8rc8w
90,Nasi Lengko H.Barno,destination_pics/Nasi_Lengko_H.Barno.jpg,"Nasi Lengko H.Barno adalah sebuah hidangan yang terkenal di daerah tertentu yang disajikan di warung atau kedai makan yang dimiliki oleh H.Barno. Hidangan ini biasanya terdiri dari nasi yang disajikan dengan berbagai bahan seperti tahu, tempe, sayuran, mie, telur, dan bumbu khas. Nasi Lengko H.Barno mungkin memiliki cita rasa khas dan resep yang diwariskan dari generasi ke generasi. Warung atau kedai ini mungkin telah menjadi tempat yang populer bagi penduduk setempat dan wisatawan untuk menikmati hidangan nasi lengko yang lezat dan autentik.",WK,0-20000,-6.71597,108.56053,https://youtu.be/6QqTpYhILqo
91,Nasi Jamblang Bu Nur,destination_pics/Nasi_Jamblang_Bu_Nur.jpg,"Nasi Jamblang Bu Nur adalah sebuah hidangan khas yang berasal dari daerah Jamblang, Cirebon. Nasi Jamblang ini biasanya disajikan dengan berbagai macam lauk-pauk tradisional seperti ayam goreng, empal, sambal, dan aneka sayuran. Nama ""Bu Nur"" mungkin merujuk kepada pemilik atau pendiri warung atau kedai yang terkenal dengan hidangan Nasi Jamblang-nya. Warung Nasi Jamblang Bu Nur mungkin menjadi tempat yang populer bagi penduduk setempat dan wisatawan untuk menikmati hidangan nasi dengan cita rasa yang khas dan autentik dari daerah Jamblang.",WK,0-20000,-6.71435,108.55499,https://youtu.be/fFV8LYdy6Ak
92,Empal Gentong H.Apud,destination_pics/Empal_Gentong_H.Apud.jpg,"Empal Gentong H.Apud adalah sebuah hidangan khas dari daerah Cirebon, Jawa Barat. Empal Gentong merupakan masakan berbahan dasar daging sapi yang dimasak dengan berbagai rempah-rempah dan bumbu khas, kemudian disajikan dengan kuah yang kaya akan rasa dan aroma. H.Apud mungkin merujuk kepada nama pemilik atau pendiri warung atau kedai yang terkenal dengan hidangan Empal Gentong-nya. Warung Empal Gentong H.Apud mungkin telah menjadi tempat yang populer bagi penduduk setempat dan wisatawan untuk menikmati hidangan yang lezat dan autentik dari Cirebon.",WK,20000-50000,-6.70734,108.51797,https://youtu.be/EbDeZ6zZJaQ
93,Empal Asem Amarta,destination_pics/Empal_Asem_Amarta.jpg,"Empal Asem Amarta adalah sebuah hidangan khas yang terkenal di daerah Amarta, Cirebon. Empal Asem merupakan masakan berbahan dasar daging sapi yang dimasak dengan campuran bumbu-bumbu rempah dan asem-aseman, sehingga memberikan cita rasa yang khas dan segar. Nama ""Amarta"" mungkin merujuk kepada nama tempat atau mungkin pemilik atau pendiri warung atau kedai yang terkenal dengan hidangan Empal Asem-nya. Warung Empal Asem Amarta mungkin telah menjadi destinasi yang populer bagi para pecinta kuliner untuk menikmati hidangan yang lezat dan autentik dari daerah Amarta, Cirebon.",WK,20000-50000,-6.70746,108.51753,https://youtu.be/Z3nQaAKNml4
94,Empal Dengkil Mang Kojek,destination_pics/Empal_Dengkil_Mang_Kojek.jpg,"Empal Dengkil Mang Kojek adalah sebuah hidangan yang terkenal di daerah Dengkil yang dikreasikan oleh Mang Kojek. Empal Dengkil merupakan masakan berbahan dasar daging sapi yang dimasak dengan berbagai bumbu dan rempah-rempah, kemudian diolah dengan teknik khusus untuk mencapai tekstur yang empuk dan rasa yang lezat. Mang Kojek mungkin merujuk kepada nama seorang koki atau pemilik warung atau kedai yang terkenal dengan hidangan Empal Dengkil-nya. Warung Empal Dengkil Mang Kojek mungkin telah menjadi tujuan kuliner yang populer bagi penduduk setempat dan pengunjung untuk menikmati hidangan khas yang ditawarkan.",WK,20000-50000,-6.70871,108.50562,https://youtu.be/lwJbsRTikis
95,Bubur Ayam M.Toha,destination_pics/Bubur_Ayam_M.Toha.jpg,"Bubur Ayam M.Toha adalah bubur ayam yang terkenal yang disajikan di tempat yang dikelola oleh M.Toha. Bubur Ayam ini merupakan hidangan yang terdiri dari bubur nasi yang lembut dan disajikan dengan potongan daging ayam, irisan daun bawang, bawang goreng, kerupuk, dan beberapa tambahan lainnya seperti cakwe atau telur. Mungkin M.Toha adalah pemilik atau koki yang memiliki resep khusus untuk bubur ayam ini dan telah membuatnya populer di kalangan masyarakat setempat. Tempat makan Bubur Ayam M.Toha mungkin menjadi tempat favorit bagi pecinta bubur ayam untuk menikmati hidangan lezat yang disajikan.",WK,0-20000,-6.70419,108.55786,https://youtu.be/VsBDl2jc0Zo
96,Mie Colot,destination_pics/Mie_Colot.jpg,"Mie Colot adalah sebuah hidangan mie khas yang berasal dari daerah Cirebon, Jawa Barat. Mie Colot terkenal karena tekstur mie yang khas dan bumbu kuahnya yang lezat. Mie ini berbeda dari mie pada umumnya karena mie Colot memiliki tekstur yang lebih kenyal dan tebal. Biasanya mie Colot disajikan dengan kuah yang kental dan gurih, serta ditambahi dengan berbagai bahan pelengkap seperti tauge, irisan daun bawang, emping, dan kerupuk. Keistimewaan Mie Colot juga terletak pada cara penyajiannya. Mie ini biasanya disajikan dengan cara yang unik, yaitu menggunakan batang bambu sebagai wadahnya. Ketika disantap, mie Colot biasanya diaduk dengan bumbu dan bahan pelengkapnya menggunakan tusuk sate atau sumpit, sehingga memberikan pengalaman yang berbeda dan menarik. Mie Colot sangat populer di daerah Cirebon dan menjadi hidangan favorit bagi penduduk setempat maupun wisatawan yang berkunjung. Rasanya yang lezat dan cara penyajiannya yang unik membuat Mie Colot menjadi salah satu kuliner yang patut dicoba jika mengunjungi Cirebon.",WK,0-20000,-6.71829,108.56404,https://youtube.com/shorts/1H84mcBmXks?feature=share
97,Mi Koclok Mang Sam,destination_pics/Mi_Koclok_Mang_Sam.jpg,"Mi Koclok Mang Sam adalah hidangan mi khas yang berasal dari daerah Cirebon, Jawa Barat. Mi Koclok terkenal karena kuahnya yang kental dan gurih, serta mie yang lembut dan kenyal. Hidangan ini biasanya terdiri dari mi kuning yang direbus dan disajikan dengan kuah kaldu ayam yang kaya rasa. Yang membedakan Mi Koclok Mang Sam adalah penggunaan bahan tambahan berupa rempah-rempah dan bumbu khas yang digunakan dalam pembuatan kuahnya. Bumbu tersebut memberikan aroma dan cita rasa khas pada mi koclok. Selain itu, hidangan ini juga biasanya dilengkapi dengan irisan daging ayam, taoge (kecambah kacang hijau), serta taburan daun bawang dan bawang goreng sebagai pelengkap. Mi Koclok Mang Sam sangat populer di kalangan masyarakat Cirebon dan sering dijadikan pilihan sebagai hidangan sarapan atau makan siang. Rasanya yang lezat dan tekstur mie yang kenyal membuat Mi Koclok Mang Sam menjadi hidangan yang disukai banyak orang. Jika Anda mengunjungi Cirebon, mencoba Mi Koclok Mang Sam adalah pengalaman kuliner yang tidak boleh dilewatkan.",WK,0-20000,-6.72022,108.56427,https://youtu.be/iVUTYktg_j4
98,Serabi Pulasaren,destination_pics/Serabi_Pulasaren.jpg,"Serabi Pulasaren adalah makanan tradisional Indonesia yang berasal dari daerah Cirebon, Jawa Barat. Serabi adalah sejenis pancake atau kue dadar yang terbuat dari adonan tepung beras dan santan, yang kemudian dipanggang hingga matang. Serabi Pulasaren memiliki ciri khas adonan yang ringan, tekstur yang lembut, dan cita rasa yang manis. Serabi Pulasaren biasanya disajikan dengan taburan kelapa parut yang telah dicampur dengan gula kelapa sebagai topping. Ada juga varian serabi pulasaren yang ditambahi dengan taburan kacang atau biji wijen untuk memberikan variasi tekstur dan rasa. Makanan ini dapat ditemukan di warung-warung atau penjual kaki lima di daerah Cirebon, dan sering dijadikan sebagai camilan tradisional yang lezat. Serabi Pulasaren menjadi pilihan favorit banyak orang karena kelezatan dan keunikan rasanya. Jika Anda berkunjung ke Cirebon, mencoba Serabi Pulasaren adalah pengalaman kuliner yang harus dicoba.",WK,0-20000,-6.72422,108.56675,https://youtube.com/shorts/GlVtb79fYj0?feature=share
99,Tahu Gejrot Kanoman,destination_pics/Tahu_Gejrot_Kanoman.jpg,"Tahu Gejrot Kanoman adalah hidangan khas dari daerah Cirebon, Jawa Barat, Indonesia. Hidangan ini terdiri dari tahu goreng yang disajikan dengan saus khas yang pedas dan asam. Tahu Gejrot Kanoman biasanya terdiri dari potongan tahu yang digoreng hingga renyah, kemudian disiram dengan saus berbahan dasar gula merah, air asam, bawang putih, cabai, dan garam. Keunikan Tahu Gejrot Kanoman terletak pada sausnya yang memiliki kombinasi rasa manis, pedas, dan asam yang segar. Hidangan ini biasanya disajikan dengan menggunakan tusuk gigi atau lidi sebagai pengganti sendok atau garpu. Ketika hendak menikmatinya, tahu gejrot biasanya dicelupkan ke dalam saus dengan menggunakan tusuk gigi atau lidi. Tahu Gejrot Kanoman sering dijajakan di warung-warung atau pedagang kaki lima di sekitar Cirebon. Rasanya yang unik dan cita rasanya yang khas menjadikannya sebagai camilan yang populer di kalangan masyarakat setempat maupun wisatawan yang berkunjung ke daerah Cirebon.",WK,0-20000,-6.72028,108.56862,https://youtu.be/K5P8vN55oNE
100,Tahu Petis Kertasari,destination_pics/Tahu_Petis_Kertasari.jpg,"Tahu Petis Kertasari adalah hidangan tradisional yang berasal dari daerah Kertasari, Cirebon, Jawa Barat, Indonesia. Hidangan ini terdiri dari tahu yang digoreng hingga renyah dan disajikan dengan bumbu petis yang khas. Tahu Petis Kertasari memiliki rasa yang unik dan menggugah selera. Tahu yang digunakan biasanya memiliki tekstur yang kenyal di dalamnya dan renyah di luar. Bumbu petis yang disajikan sebagai pelengkap memberikan rasa gurih, manis, dan sedikit pedas. Bumbu petis ini terbuat dari campuran petis udang, bawang merah, bawang putih, cabai, dan rempah-rempah lainnya. Hidangan ini biasanya disajikan dengan taburan bawang goreng dan ditambahkan irisan mentimun segar sebagai pelengkap. Rasanya yang lezat dan tekstur tahu yang khas membuat Tahu Petis Kertasari menjadi makanan yang populer di Cirebon. Tahu Petis Kertasari dapat ditemukan di warung-warung atau restoran di sekitar daerah Kertasari, Cirebon. Hidangan ini sering dinikmati sebagai makanan ringan atau sebagai lauk pendamping nasi.",WK,0-20000,-6.75199,108.47126,https://youtu.be/72kf9C5Azu0
101,Es Cuwing Kartini,destination_pics/cuwing_kartini.jpg,"Es Cuwing Kartini adalah minuman tradisional yang populer di Indonesia, khususnya di daerah Jawa Barat. Minuman ini terbuat dari campuran es serut, sirup manis, dan bahan tambahan lainnya seperti biji selasih, jelly, atau potongan buah-buahan. Es Cuwing Kartini biasanya disajikan dalam gelas besar atau mangkuk besar. Es serut yang digunakan memiliki tekstur yang halus dan lembut. Sirup manis yang dituangkan ke atas es serut memberikan rasa manis dan segar pada minuman ini.",WK,0-20000,-6.71129,108.55562,https://youtube.com/shorts/qRmK4nj7Bkw?feature=share
102,Es Kopyor 4848,destination_pics/4848.jpg,"Es Kopyor 4848 adalah minuman segar yang populer di Indonesia. Minuman ini terbuat dari daging kelapa muda yang disebut kopyor, ditambah dengan es serut, sirup manis, dan beberapa bahan tambahan lainnya. Proses pembuatan Es Kopyor 4848 dimulai dengan memperoleh daging kelapa muda yang memiliki tekstur lembut dan lezat. Kemudian, daging kelapa muda tersebut diparut dan diambil sarinya, yang dikenal sebagai kopyor. Kopyor memiliki tekstur yang lebih lembut dan kenyal dibandingkan dengan kelapa muda biasa.",WK,20000-50000,-6.71361,108.56232,https://youtu.be/NoEOnln6zB4
103,Nasi Jamblang Mang Dul,destination_pics/mg_dul.jpg,"Nasi Jamblang Mang Dul adalah sebuah rumah makan yang terkenal dengan hidangan khasnya, yaitu nasi jamblang. Nasi jamblang adalah makanan tradisional dari daerah Cirebon, Jawa Barat, Indonesia. Nasi jamblang biasanya terdiri dari nasi putih yang disajikan dengan berbagai macam lauk-pauk dan sambal. Di Nasi Jamblang Mang Dul, mereka menyajikan nasi jamblang dengan variasi lauk yang beragam. Beberapa lauk yang biasa disajikan di antaranya adalah empal, ayam goreng, ikan goreng, tahu goreng, tempe goreng, dan masih banyak lagi. Setiap lauk disajikan dalam piring kecil dan pengunjung dapat memilih lauk sesuai dengan selera mereka. Yang membedakan nasi jamblang dengan nasi pada umumnya adalah cara penyajiannya. Nasi jamblang biasanya disajikan menggunakan daun jati yang telah dilapisi daun pisang. Pengunjung dapat memilih lauk yang diinginkan dan menempatkannya di atas nasi, kemudian menikmatinya dengan menggunakan tangan.",WK,20000-50000,-6.71224,108.55064,https://youtu.be/iUYzZ-vOMzA
